date,savings_national_rate,effective_fed_funds
2021-04-01,0.06,0.07
2021-05-01,0.06,0.06
2021-06-01,0.06,0.08
2021-07-01,0.06,0.1
2021-08-01,0.06,0.09
2021-09-01,0.06,0.08
2021-10-01,0.06,0.08
2021-11-01,0.06,0.08
2021-12-01,0.06,0.08
2022-01-01,0.06,0.08
2022-02-01,0.06,0.08
2022-03-01,0.06,0.2
2022-04-01,0.06,0.33
2022-05-01,0.07,0.77
2022-06-01,0.08,1.21
2022-07-01,0.1,1.68
2022-08-01,0.13,2.33
2022-09-01,0.17,2.56
2022-10-01,0.21,3.08
2022-11-01,0.24,3.78
2022-12-01,0.3,4.1
2023-01-01,0.33,4.33
2023-02-01,0.35,4.57
2023-03-01,0.37,4.65
2023-04-01,0.39,4.83
2023-05-01,0.4,5.06
2023-06-01,0.42,5.08
2023-07-01,0.42,5.12
2023-08-01,0.43,5.33
2023-09-01,0.45,5.33
2023-10-01,0.46,5.33
2023-11-01,0.46,5.33
2023-12-01,0.46,5.33
2024-01-01,0.47,5.33
2024-02-01,0.46,5.33
2024-03-01,0.47,5.33
2024-04-01,0.46,5.33
2024-05-01,0.45,5.33
2024-06-01,0.45,5.33
2024-07-01,0.45,5.33
2024-08-01,0.46,5.33
2024-09-01,0.46,5.13
2024-10-01,0.45,4.83
2024-11-01,0.43,4.64
2024-12-01,0.42,4.48
2025-01-01,0.41,4.33
2025-02-01,0.41,4.33
2025-03-01,0.41,4.33
2025-04-01,0.41,4.33
2025-05-01,0.42,4.33
2025-06-01,0.38,4.33
2025-07-01,0.38,4.33
2025-08-01,0.39,4.33
2025-09-01,0.4,4.22
2025-10-01,0.4,4.09
2025-11-01,0.4,3.88
2025-12-01,0.39,3.72
2026-01-01,0.39,3.64
2026-02-01,0.39,3.64
2026-03-01,0.39,3.64
2026-04-01,0.38,3.64
2026-05-01,0.38,3.63
2026-06-01,0.38,3.63
2026-07-01,0.38,3.63
2026-08-01,0.38,3.63
2026-09-01,0.37,
